sex,exper,school,wage
F,4,16,9.43618778
M,4,16,12.7388535
F,6,16,5.0417626
F,6,16,5.932309229
F,6,16,5.367494454
F,6,16,10.12806374
F,7,16,5.447892668
F,7,16,5.103707333
F,7,16,9.366804047
F,7,16,6.73689368
F,7,16,8.727339539
M,7,16,8.57422832
F,8,16,4.184513117
M,8,16,8.982524906
M,8,16,8.710327182
M,8,16,6.126903489
F,3,15,8.26800588
F,3,15,2.412661648
F,3,15,3.268521623
F,3,15,4.485511797
F,3,15,3.98089172
M,3,15,6.455500086
M,3,15,4.408997504
F,4,15,7.96178344
M,4,15,4.246284501
F,5,15,9.064184223
M,5,15,3.266372693
M,5,15,7.249754026
M,5,15,8.26800588
M,5,15,11.74504224
M,5,15,22.11606511
F,6,15,5.81822636
F,6,15,2.912570107
F,6,15,6.1244488
F,6,15,10.41156296
M,6,15,6.066120716
M,6,15,2.681863895
M,6,15,6.916015037
M,6,15,16.79848814
M,6,15,7.014787171
M,6,15,6.725481663
M,6,15,5.43544831
F,7,15,8.54956611
F,7,15,10.55706091
F,7,15,7.699307062
F,7,15,3.890122202
F,7,15,5.2588759
F,7,15,7.872325199
F,7,15,12.94883461
F,7,15,7.736145852
F,7,15,10.31319098
F,7,15,4.187849393
F,7,15,6.1244488
F,7,15,5.671239588
F,7,15,14.64909557
F,7,15,8.711981879
M,7,15,7.96178344
M,7,15,12.08673214
M,7,15,7.828345728
M,7,15,12.2488976
M,7,15,11.26667468
M,7,15,3.588409438
M,7,15,7.96178344
M,7,15,7.96178344
M,7,15,9.969781732
F,8,15,9.786358811
F,8,15,14.10205185
F,8,15,6.255686988
F,8,15,5.208643372
F,8,15,10.41156296
F,8,15,6.824385805
F,8,15,12.6697458
F,8,15,12.39598581
F,8,15,6.555045769
F,8,15,6.708226047
F,8,15,6.093826556
F,8,15,3.021990795
F,8,15,5.51200392
F,8,15,7.417320548
F,8,15,5.81822636
F,8,15,4.444599986
F,8,15,8.022329321
F,8,15,11.18476047
F,8,15,5.902822674
F,8,15,9.016549622
F,8,15,7.430997877
F,8,15,6.135174629
F,8,15,4.89955904
M,8,15,8.945824089
M,8,15,12.20488958
M,8,15,0.891244415
M,8,15,12.55512004
M,8,15,5.686988171
M,8,15,9.799118079
M,8,15,5.238015421
M,8,15,8.492569002
M,8,15,9.664162905
M,8,15,6.920503915
M,8,15,9.186673199
M,8,15,5.243264257
M,8,15,14.33633031
M,8,15,15.00489956
M,8,15,10.41156296
M,8,15,7.041577313
M,8,15,12.39791095
F,9,15,7.275845174
F,9,15,5.090641842
F,9,15,8.982524906
F,9,15,7.702562583
F,9,15,7.019492826
F,9,15,5.010365193
F,9,15,6.43067124
F,9,15,6.272920286
F,9,15,4.777070064
F,9,15,4.963189677
F,9,15,6.1244488
F,9,15,4.413634821
F,9,15,8.698449463
F,9,15,15.311122
F,9,15,3.527682509
F,9,15,8.359872612
F,9,15,7.111342906
F,9,15,8.57422832
F,9,15,7.143282338
F,9,15,6.87701603
M,9,15,3.216882198
M,9,15,8.757961783
M,9,15,15.71676731
M,9,15,21.4355708
M,9,15,13.7800098
M,9,15,7.835850134
M,9,15,16.33186347
M,9,15,15.9386033
M,9,15,7.104360608
M,9,15,14.14747673
M,9,15,5.941629433
M,9,15,8.57422832
M,9,15,8.26800588
M,9,15,12.11996184
M,9,15,9.35257599
M,9,15,9.720605497
M,9,15,14.61835648
M,9,15,3.919647232
M,9,15,13.49188918
M,9,15,7.551382231
M,9,15,7.735167213
M,9,15,8.206761392
M,9,15,22.91183614
M,9,15,9.733841823
M,9,15,7.20197507
M,2,14,2.467403833
F,3,14,5.97133758
F,3,14,2.394521335
F,3,14,2.895193978
F,4,14,8.096728922
F,4,14,11.09104161
F,4,14,3.98089172
F,4,14,9.859872612
F,4,14,2.79816302
M,4,14,5.086293595
M,4,14,12.2488976
M,4,14,6.1244488
M,4,14,8.57422832
F,5,14,0.751111645
F,5,14,9.186673199
F,5,14,4.948149708
F,5,14,7.724118262
F,5,14,3.164932547
F,5,14,7.655561
F,5,14,8.917197452
F,5,14,4.462655686
M,5,14,3.07553199
M,5,14,14.38257654
M,5,14,1.38465799
M,5,14,6.077697282
M,5,14,13.60988622
M,5,14,8.42569838
M,5,14,2.66132037
M,5,14,7.760450985
M,5,14,8.015218228
M,5,14,3.598546187
M,5,14,6.414327041
F,6,14,5.017930739
F,6,14,3.033060358
F,6,14,5.614078066
F,6,14,0.614414156
F,6,14,6.73689368
F,6,14,16.97182677
F,6,14,5.836242158
F,6,14,2.324608304
F,6,14,9.737873591
F,6,14,3.630780722
F,6,14,12.13224143
F,6,14,7.96178344
F,6,14,12.55236128
F,6,14,8.648144081
M,6,14,9.033561979
M,6,14,11.66095051
M,6,14,3.595644134
M,6,14,2.44977952
M,6,14,10.61571125
M,6,14,8.106543138
M,6,14,11.33023028
M,6,14,5.184417123
M,6,14,4.454144582
M,6,14,11.33023028
M,6,14,4.865872232
M,6,14,7.38178597
M,6,14,2.779386219
F,7,14,1.223738277
F,7,14,7.04311612
F,7,14,9.327612398
F,7,14,6.195187114
F,7,14,6.99083424
F,7,14,6.498828198
F,7,14,7.146308556
F,7,14,5.108725208
F,7,14,2.256883495
F,7,14,7.27417487
F,7,14,1.248907206
F,7,14,0.962149056
F,7,14,4.930714654
F,7,14,2.997377295
F,7,14,8.71605766
F,7,14,7.134982852
F,7,14,5.389514944
F,7,14,6.1244488
F,7,14,9.186673199
F,7,14,8.757961783
F,7,14,2.547770701
F,7,14,2.763974965
F,7,14,12.86134248
F,7,14,13.99874011
F,7,14,11.63645272
F,7,14,10.31100102
F,7,14,2.884704145
F,7,14,7.839294464
F,7,14,8.315178527
F,7,14,6.522537972
M,7,14,2.933288636
M,7,14,3.98089172
M,7,14,14.29038053
M,7,14,4.851048554
M,7,14,4.604404881
M,7,14,4.121821651
M,7,14,10.10534052
M,7,14,6.255487515
M,7,14,4.934062977
M,7,14,5.185835957
M,7,14,6.747274101
M,7,14,6.840359172
M,7,14,7.254472382
M,7,14,12.00391965
M,7,14,10.81063995
M,7,14,10.26499074
M,7,14,9.211980839
M,7,14,8.703564505
M,7,14,10.10534052
M,7,14,8.765266172
M,7,14,5.453276328
M,7,14,13.8465799
M,7,14,7.502665126
M,7,14,7.774887115
M,7,14,4.376821276
M,7,14,4.753303546
M,7,14,4.465743916
F,8,14,2.418157461
F,8,14,5.631123847
F,8,14,9.033561979
F,8,14,2.14355708
F,8,14,8.26800588
F,8,14,5.184417123
F,8,14,3.77335708
F,8,14,5.97133758
F,8,14,3.36844684
F,8,14,11.45271926
F,8,14,14.69867712
F,8,14,3.309366168
F,8,14,2.522545248
F,8,14,3.605335897
F,8,14,5.71249036
F,8,14,9.317865676
F,8,14,5.068509351
F,8,14,7.655561
F,8,14,12.28389445
F,8,14,6.369426752
F,8,14,9.670857372
F,8,14,7.100959567
F,8,14,8.846426044
F,8,14,7.655561
F,8,14,8.082052072
F,8,14,4.5933366
F,8,14,7.113065408
F,8,14,7.412694926
F,8,14,10.46405824
F,8,14,7.19622734
F,8,14,3.184713376
F,8,14,9.275864201
F,8,14,6.162154289
F,8,14,2.919320595
F,8,14,5.529016277
F,8,14,7.251719262
F,8,14,7.251719262
F,8,14,8.279663373
F,8,14,5.790387956
F,8,14,3.67466928
M,8,14,0.734933856
M,8,14,5.410920784
M,8,14,10.63497752
M,8,14,2.048988385
M,8,14,4.485511797
M,8,14,2.441952748
M,8,14,10.56467418
M,8,14,8.520972243
M,8,14,6.43067124
M,8,14,5.419014907
M,8,14,7.446842222
M,8,14,10.0713158
M,8,14,11.55742757
M,8,14,13.08182264
M,8,14,7.34933856
M,8,14,3.386277514
M,8,14,5.307855626
M,8,14,8.880450759
M,8,14,3.999640032
M,8,14,9.803688564
M,8,14,9.231053263
M,8,14,10.17074132
M,8,14,6.128169984
M,8,14,13.80042463
M,8,14,5.462222792
M,8,14,20.41482933
M,8,14,7.041032974
M,8,14,8.935067587
M,8,14,7.655561
M,8,14,7.485437422
M,8,14,8.4211171
M,8,14,3.937145657
F,9,14,4.5933366
F,9,14,2.09405811
F,9,14,1.862405483
F,9,14,5.136634477
F,9,14,5.144536992
F,9,14,5.867435083
F,9,14,6.1244488
F,9,14,8.173158221
F,9,14,10.41940365
F,9,14,5.81822636
F,9,14,7.1700864
F,9,14,11.77778615
F,9,14,7.04311612
F,9,14,8.271982794
F,9,14,11.02400784
F,9,14,15.311122
F,9,14,7.262437597
F,9,14,7.655561
F,9,14,10.79563856
F,9,14,9.274165325
F,9,14,20.99811017
F,9,14,6.630290646
F,9,14,4.5933366
F,9,14,10.79563856
F,9,14,8.957006369
F,9,14,5.51200392
F,9,14,8.789457339
F,9,14,4.948729105
M,9,14,9.799118079
M,9,14,25.07673404
M,9,14,10.3948213
M,9,14,13.22196372
M,9,14,10.29171288
M,9,14,5.17606057
M,9,14,7.285292036
M,9,14,12.31014209
M,9,14,11.63645272
M,9,14,4.990291615
M,9,14,11.99622976
M,9,14,6.304210778
M,9,14,6.281485948
M,9,14,9.799118079
M,9,14,5.784201644
M,9,14,11.3526368
M,9,14,4.777070064
M,9,14,11.02400784
M,9,14,10.10534052
M,9,14,6.658946149
M,9,14,6.734195685
M,9,14,6.185693288
M,9,14,7.893734008
M,9,14,22.1239682
M,9,14,14.29756885
M,9,14,10.88790898
M,9,14,4.924814499
M,9,14,6.532745386
F,10,14,6.73689368
F,10,14,11.33023028
F,10,14,4.28711416
F,10,14,5.756981872
F,10,14,9.83442113
F,10,14,15.12738854
F,10,14,3.67466928
F,10,14,5.502817246
F,10,14,0.772988683
F,10,14,5.91587624
F,10,14,5.310621575
F,10,14,1.559604983
M,10,14,16.65645071
M,10,14,10.61571125
M,10,14,6.73689368
M,10,14,11.71596007
M,10,14,4.5933366
M,10,14,4.615526632
M,10,14,3.582802548
M,10,14,7.145190266
F,1,13,4.32211101
F,2,13,6.734195685
M,2,13,3.364133848
M,2,13,4.784246433
F,3,13,4.042913691
F,3,13,9.478313618
F,3,13,0.594162943
M,3,13,11.07217445
F,4,13,6.43067124
F,4,13,2.71865776
M,4,13,5.939518729
M,4,13,5.672918433
M,4,13,5.547909398
M,4,13,8.815815573
F,5,13,2.560573569
F,5,13,5.055100597
F,5,13,7.96178344
F,5,13,6.414865381
F,5,13,8.368589893
F,5,13,3.148385847
F,5,13,4.508371144
M,5,13,9.663019217
M,5,13,9.76406758
M,5,13,4.172113593
M,5,13,9.799118079
M,5,13,18.46229115
M,5,13,7.6203074
M,5,13,2.14355708
M,5,13,5.573248408
M,5,13,5.124826122
M,5,13,6.184544855
F,6,13,2.998515251
F,6,13,4.81721351
F,6,13,2.737575968
F,6,13,4.942537628
F,6,13,7.582650895
F,6,13,3.538570418
F,6,13,0.428711416
F,6,13,2.989065455
F,6,13,1.190547056
F,6,13,5.564096932
F,6,13,8.57422832
F,6,13,7.006369427
F,6,13,5.434664464
F,6,13,8.962318088
F,6,13,7.873905035
F,6,13,1.068695764
F,6,13,5.660035621
F,6,13,5.807890388
F,6,13,1.185377187
F,6,13,7.655561
F,6,13,4.808510324
F,6,13,6.27756002
F,6,13,5.573248408
F,6,13,6.73689368
F,6,13,9.799118079
F,6,13,5.276815535
F,6,13,4.89955904
F,6,13,8.210465818
F,6,13,4.693261817
F,6,13,11.63645272
M,6,13,3.36844684
M,6,13,1.486199575
M,6,13,11.09249389
M,6,13,10.43679477
M,6,13,7.011797916
M,6,13,2.316155182
M,6,13,4.89955904
M,6,13,10.97354422
M,6,13,7.464171975
M,6,13,4.342790967
M,6,13,14.69867712
M,6,13,7.994017381
M,6,13,15.92356688
M,6,13,7.989524845
M,6,13,4.87704958
M,6,13,7.839294464
M,6,13,18.70217587
M,6,13,4.804524489
F,7,13,5.483612435
F,7,13,4.724574788
F,7,13,2.75600196
F,7,13,6.118256233
F,7,13,6.1244488
F,7,13,8.729671182
F,7,13,5.906195715
F,7,13,3.694563081
F,7,13,3.755558226
F,7,13,7.04311612
F,7,13,5.072604407
F,7,13,3.292001323
F,7,13,9.072366198
F,7,13,7.34933856
F,7,13,5.184880887
F,7,13,3.63967243
F,7,13,2.123142251
F,7,13,6.08842263
F,7,13,7.306574329
F,7,13,4.44022538
F,7,13,7.696390658
F,7,13,6.43067124
F,7,13,5.20578148
F,7,13,9.186673199
F,7,13,4.32407204
F,7,13,7.435801366
F,7,13,7.351909157
F,7,13,3.780938254
F,7,13,3.74366307
F,7,13,6.1244488
F,7,13,6.122305243
F,7,13,5.260883453
F,7,13,10.94234852
F,7,13,8.009842495
F,7,13,3.667616172
F,7,13,7.655561
F,7,13,6.1244488
F,7,13,7.50244978
M,7,13,4.549590537
M,7,13,5.851987828
M,7,13,5.942933852
M,7,13,5.05267026
M,7,13,5.97133758
M,7,13,9.753184713
M,7,13,3.791325447
M,7,13,5.104965954
M,7,13,8.685581934
M,7,13,2.585693664
M,7,13,9.099181074
M,7,13,9.799118079
M,7,13,10.99148864
M,7,13,12.2432917
M,7,13,7.621536284
M,7,13,7.655561
M,7,13,5.334394905
M,7,13,8.233370307
M,7,13,9.910511251
M,7,13,10.11020119
M,7,13,12.95077528
M,7,13,6.275297292
M,7,13,2.182669603
M,7,13,3.328968686
M,7,13,10.05083854
F,8,13,7.710027441
F,8,13,4.157144941
F,8,13,5.249527543
F,8,13,4.626702241
F,8,13,2.389198514
F,8,13,7.655561
F,8,13,2.990341198
F,8,13,3.510707658
F,8,13,6.278434941
F,8,13,1.654396559
F,8,13,7.306574329
F,8,13,7.483284932
F,8,13,7.092902841
F,8,13,4.935876526
F,8,13,4.431749441
F,8,13,4.206225213
F,8,13,30.86217086
F,8,13,6.73689368
F,8,13,6.824385805
F,8,13,2.717332232
F,8,13,3.27645409
F,8,13,4.89955904
F,8,13,10.97893746
F,8,13,8.819206271
F,8,13,3.238691569
F,8,13,6.155600625
F,8,13,4.152168678
F,8,13,4.409603136
F,8,13,7.19622734
F,8,13,8.57422832
F,8,13,6.833101496
F,8,13,7.161585838
F,8,13,3.526597402
F,8,13,5.339120748
F,8,13,7.96178344
F,8,13,5.298098539
F,8,13,5.074543291
F,8,13,7.34933856
F,8,13,4.89955904
F,8,13,11.37397634
F,8,13,5.703964255
F,8,13,7.406310176
F,8,13,2.836586813
F,8,13,1.749842514
F,8,13,5.697161674
F,8,13,7.34933856
F,8,13,1.637975555
F,8,13,5.97133758
F,8,13,6.01556971
M,8,13,6.348265865
M,8,13,4.89955904
M,8,13,3.191967848
M,8,13,7.96178344
M,8,13,4.190412337
M,8,13,9.933416012
M,8,13,6.210191083
M,8,13,10.22723489
M,8,13,7.04311612
M,8,13,10.55539471
M,8,13,20.84539664
M,8,13,8.941959803
M,8,13,7.655561
M,8,13,9.799118079
M,8,13,6.285618505
M,8,13,2.276828151
M,8,13,6.44678821
M,8,13,4.29145774
M,8,13,6.117528519
M,8,13,11.02400784
M,8,13,8.396062536
M,8,13,6.477383137
M,8,13,12.74468631
M,8,13,4.274783055
M,8,13,5.486772108
M,8,13,13.7800098
M,8,13,6.1244488
M,8,13,4.89955904
M,8,13,10.7177854
M,8,13,8.796121428
F,9,13,6.315295646
F,9,13,5.81822636
F,9,13,6.9801937
F,9,13,10.04701244
F,9,13,4.241819428
F,9,13,7.34933856
F,9,13,3.67466928
F,9,13,6.984020561
F,9,13,12.2488976
F,9,13,5.661712668
F,9,13,7.64713567
F,9,13,5.81822636
F,9,13,6.859382656
F,9,13,5.925048141
F,9,13,4.28711416
F,9,13,16.0035848
F,9,13,3.552180304
F,9,13,6.186397247
F,9,13,3.821656051
F,9,13,4.382357708
F,9,13,6.73689368
F,9,13,7.96178344
F,9,13,4.409603136
F,9,13,7.181216436
F,9,13,3.36844684
F,9,13,5.426865842
F,9,13,5.66511514
F,9,13,5.20578148
F,9,13,5.278903687
F,9,13,5.639596603
F,9,13,2.414694219
F,9,13,4.89955904
M,9,13,2.44977952
M,9,13,6.27829028
M,9,13,6.634819533
M,9,13,7.145190266
M,9,13,3.571379119
M,9,13,9.02398123
M,9,13,13.60988622
M,9,13,5.887705401
M,9,13,5.129739666
M,9,13,6.634819533
M,9,13,5.98434703
M,9,13,4.29513109
M,9,13,9.064184223
M,9,13,11.18620785
M,9,13,7.655561
M,9,13,9.186673199
M,9,13,13.7800098
M,9,13,15.311122
M,9,13,10.38493492
M,9,13,7.017165065
M,9,13,3.44914806
M,9,13,8.57422832
M,9,13,4.89955904
M,9,13,9.216212342
M,9,13,11.63645272
M,9,13,8.800847268
M,9,13,6.690574319
M,9,13,8.632942044
M,9,13,4.680943545
M,9,13,9.799118079
M,9,13,3.311660356
M,9,13,9.799118079
M,9,13,3.730920075
M,9,13,10.41156296
M,9,13,13.16756492
M,9,13,5.112272475
M,9,13,7.655561
M,9,13,7.04311612
F,10,13,12.86134248
F,10,13,7.655561
F,10,13,6.105662147
F,10,13,8.735213831
F,10,13,4.974095942
F,10,13,3.184713376
F,10,13,5.3588927
F,10,13,4.704690214
F,10,13,4.489727504
F,10,13,8.932732639
F,10,13,3.98089172
F,10,13,9.624133828
F,10,13,6.634819533
F,10,13,10.89908753
F,10,13,3.899649032
F,10,13,3.0622244
F,10,13,9.186673199
M,10,13,9.799118079
M,10,13,8.331930163
M,10,13,7.935526184
M,10,13,17.31868301
M,10,13,7.352873595
M,10,13,7.979595036
M,10,13,7.19622734
M,10,13,9.44723718
M,10,13,10.31797854
M,10,13,12.82731776
F,11,13,4.443786106
F,11,13,5.520169851
F,11,13,12.2488976
F,11,13,3.935215116
F,11,13,6.27756002
F,11,13,3.116157902
F,11,13,3.054725075
F,11,13,9.590330052
F,11,13,3.651263743
M,11,13,4.638443844
M,11,13,3.0622244
M,11,13,8.450317415
M,11,13,9.582323432
M,11,13,6.173919307
M,11,13,4.485511797
M,11,13,7.30917824
M,11,13,11.14649682
M,11,13,6.1244488
M,11,13,14.34555575
M,11,13,7.102598176
M,11,13,3.98089172
F,1,12,2.774677675
F,2,12,2.615465091
F,2,12,2.568317239
F,2,12,4.244108035
M,2,12,3.728444928
M,2,12,4.506261103
F,3,12,2.835191083
F,3,12,2.14355708
F,3,12,3.578329636
F,3,12,6.548653046
F,3,12,4.89955904
F,3,12,3.184713376
F,3,12,2.148204638
F,3,12,2.245631227
F,3,12,3.54983975
F,3,12,1.492834395
F,3,12,8.204685307
M,3,12,6.43067124
M,3,12,2.381094113
M,3,12,18.93963963
M,3,12,1.933791803
M,3,12,2.948808681
F,4,12,8.530482257
F,4,12,2.456077154
F,4,12,1.213224143
F,4,12,4.13400294
F,4,12,5.51200392
F,4,12,4.385411563
F,4,12,6.43067124
F,4,12,4.28711416
F,4,12,8.165931733
F,4,12,5.276448197
F,4,12,2.98566879
F,4,12,2.113079965
F,4,12,1.136204143
F,4,12,5.428488709
F,4,12,16.47265539
F,4,12,7.91410809
F,4,12,3.970551741
F,4,12,1.45199698
F,4,12,11.2072025
F,4,12,6.873482106
F,4,12,2.903442394
F,4,12,4.44022538
F,4,12,7.04311612
F,4,12,3.67466928
M,4,12,2.343728458
M,4,12,2.008016
M,4,12,1.993560799
M,4,12,4.556988245
M,4,12,4.20197926
M,4,12,4.429364918
M,4,12,6.859382656
M,4,12,3.301171366
M,4,12,4.28711416
M,4,12,9.889682942
F,5,12,1.345653539
F,5,12,1.134281476
F,5,12,2.31896605
F,5,12,5.710983902
F,5,12,4.5933366
F,5,12,2.279884296
F,5,12,4.81316883
F,5,12,5.408256426
F,5,12,5.136634477
F,5,12,0.474739882
F,5,12,8.097882302
F,5,12,3.0622244
F,5,12,4.108247389
F,5,12,1.920097462
F,5,12,3.67466928
F,5,12,1.724989435
F,5,12,1.729256132
F,5,12,5.389514944
F,5,12,2.44977952
F,5,12,3.36844684
F,5,12,4.104012082
F,5,12,4.549590537
F,5,12,1.99044586
F,5,12,5.245410266
F,5,12,6.102444792
F,5,12,4.89955904
F,5,12,1.619345784
F,5,12,5.164400069
F,5,12,7.96178344
F,5,12,6.649401554
F,5,12,3.419826444
F,5,12,2.284586353
F,5,12,4.735633273
F,5,12,2.920081032
M,5,12,0.318471338
M,5,12,4.5933366
M,5,12,6.255686988
M,5,12,3.765920429
M,5,12,5.732484076
M,5,12,3.686010852
M,5,12,5.20578148
M,5,12,11.8895966
M,5,12,4.103380696
M,5,12,7.120294133
M,5,12,9.186673199
M,5,12,6.26500992
M,5,12,9.902995656
M,5,12,3.834681464
M,5,12,4.082965866
M,5,12,13.5258097
M,5,12,3.95125729
M,5,12,6.666871801
M,5,12,9.506607092
M,5,12,6.802547771
M,5,12,6.864892938
M,5,12,20.61474218
M,5,12,3.93746381
M,5,12,8.57422832
M,5,12,4.590577839
M,5,12,1.070491891
M,5,12,5.601254681
M,5,12,3.538570418
M,5,12,7.96178344
M,5,12,4.369527587
M,5,12,9.312027415
M,5,12,11.16317743
M,5,12,3.236497333
M,5,12,8.358071303
M,5,12,17.23346982
M,5,12,4.409603136
M,5,12,6.450052407
F,6,12,5.599636033
F,6,12,8.071322821
F,6,12,5.790387956
F,6,12,5.817587064
F,6,12,1.978082842
F,6,12,4.727821919
F,6,12,4.5933366
F,6,12,6.1244488
F,6,12,1.959823616
F,6,12,6.910770436
F,6,12,2.87054786
F,6,12,8.26800588
F,6,12,4.914681136
F,6,12,5.639596603
F,6,12,0.931202742
F,6,12,7.34933856
F,6,12,2.817246448
F,6,12,12.2488976
F,6,12,4.157126872
F,6,12,6.73689368
F,6,12,5.97133758
F,6,12,1.015857536
F,6,12,2.665032114
F,6,12,2.578715284
F,6,12,1.592356688
F,6,12,2.695102998
F,6,12,3.9156312
F,6,12,4.031282754
F,6,12,1.740280533
F,6,12,3.050429165
F,6,12,3.258776478
F,6,12,2.857669031
F,6,12,5.850511793
F,6,12,0.675706914
F,6,12,9.110185639
F,6,12,3.499685028
F,6,12,3.821656051
F,6,12,0.679823873
F,6,12,4.014668983
F,6,12,3.352329869
F,6,12,5.97133758
F,6,12,2.752221436
F,6,12,7.064059244
F,6,12,5.02460579
F,6,12,6.566419332
F,6,12,7.380745989
F,6,12,2.175515779
F,6,12,2.921755391
F,6,12,7.664455427
F,6,12,5.51200392
F,6,12,5.709645495
F,6,12,5.649158982
F,6,12,5.81822636
F,6,12,2.2966683
F,6,12,5.595396854
F,6,12,1.22488976
F,6,12,6.486177955
F,6,12,9.422228923
F,6,12,4.89955904
F,6,12,3.98089172
F,6,12,4.086708273
F,6,12,2.502274795
F,6,12,8.880450759
F,6,12,3.15466891
F,6,12,3.0622244
F,6,12,2.920081032
F,6,12,4.387105161
F,6,12,1.007023992
F,6,12,3.122268016
F,6,12,3.877042371
F,6,12,6.427861859
M,6,12,4.986590681
M,6,12,0.831952293
M,6,12,6.1244488
M,6,12,5.20578148
M,6,12,2.14355708
M,6,12,8.57422832
M,6,12,5.725327417
M,6,12,3.967666166
M,6,12,3.470217646
M,6,12,3.307565821
M,6,12,2.667001349
M,6,12,13.48026826
M,6,12,2.653927813
M,6,12,1.255059458
M,6,12,9.513706873
M,6,12,7.96178344
M,6,12,4.231437353
M,6,12,6.73689368
M,6,12,4.131520055
M,6,12,6.859382656
M,6,12,4.971259904
M,6,12,12.38499646
M,6,12,4.409603136
M,6,12,6.230960953
M,6,12,2.394521335
M,6,12,4.082965866
M,6,12,11.54896059
M,6,12,9.231053263
M,6,12,5.397819281
M,6,12,9.729266932
M,6,12,4.778475498
M,6,12,9.546681782
M,6,12,8.165931733
M,6,12,7.566168447
M,6,12,4.533399823
M,6,12,2.241966474
M,6,12,3.379006234
M,6,12,3.843502877
M,6,12,4.082965866
F,7,12,3.8277805
F,7,12,2.533294731
F,7,12,3.377726308
F,7,12,3.902835019
F,7,12,4.862157826
F,7,12,2.381094113
F,7,12,3.67466928
F,7,12,4.723091871
F,7,12,2.71865776
F,7,12,4.405367206
F,7,12,7.96178344
F,7,12,2.948808681
F,7,12,3.042114269
F,7,12,12.53589145
F,7,12,7.96178344
F,7,12,5.136634477
F,7,12,7.014787171
F,7,12,3.0622244
F,7,12,3.642874957
F,7,12,2.73222287
F,7,12,3.36844684
F,7,12,4.144963179
F,7,12,8.083028873
F,7,12,2.75600196
F,7,12,1.903506845
F,7,12,1.215650591
F,7,12,2.562413061
F,7,12,1.091901729
F,7,12,3.376021246
F,7,12,3.035095969
F,7,12,3.0622244
F,7,12,4.087332675
F,7,12,0.682438581
F,7,12,3.703155088
F,7,12,1.333911362
F,7,12,5.51200392
F,7,12,3.179036525
F,7,12,2.564181462
F,7,12,2.98566879
F,7,12,1.707621113
F,7,12,6.17129568
F,7,12,3.703155088
F,7,12,8.334301459
F,7,12,10.10077004
F,7,12,8.26800588
F,7,12,11.00888574
F,7,12,1.961030404
F,7,12,2.248032971
F,7,12,10.41156296
F,7,12,6.614815052
F,7,12,8.044052155
F,7,12,4.65849031
F,7,12,3.0622244
F,7,12,7.655561
F,7,12,0.689829612
F,7,12,4.703576678
F,7,12,7.655561
F,7,12,1.220864931
F,7,12,1.558950604
F,7,12,3.950269476
F,7,12,4.458598726
F,7,12,6.769127621
F,7,12,10.77096846
F,7,12,4.549590537
F,7,12,3.184713376
F,7,12,2.75600196
M,7,12,7.464171975
M,7,12,10.96849924
M,7,12,7.724886908
M,7,12,5.738222299
M,7,12,3.434494817
M,7,12,4.02562084
M,7,12,1.432964137
M,7,12,7.96178344
M,7,12,8.039437093
M,7,12,5.006536311
M,7,12,8.57422832
M,7,12,3.112097761
M,7,12,4.5933366
M,7,12,0.762537006
M,7,12,5.407513324
M,7,12,2.587579618
M,7,12,4.153973968
M,7,12,1.663430538
M,7,12,13.77173352
M,7,12,5.755506101
M,7,12,4.122606312
M,7,12,3.384392535
M,7,12,4.169079328
M,7,12,5.955155093
M,7,12,5.332372281
M,7,12,3.0622244
M,7,12,2.967573827
M,7,12,5.971080155
M,7,12,2.316155182
M,7,12,8.33694601
M,7,12,4.515036685
M,7,12,4.841040962
M,7,12,5.94706385
M,7,12,4.170457992
M,7,12,6.369426752
M,7,12,3.746721619
M,7,12,5.483007247
M,7,12,15.92356688
M,7,12,4.004129974
M,7,12,3.352329869
M,7,12,6.73689368
M,7,12,6.1244488
M,7,12,5.486155686
M,7,12,7.298301486
M,7,12,4.454144582
M,7,12,7.04311612
M,7,12,8.605666168
M,7,12,10.04497409
M,7,12,9.164642808
M,7,12,6.614404704
M,7,12,6.717754777
M,7,12,11.02286201
M,7,12,4.269052783
M,7,12,7.655561
M,7,12,6.971511867
M,7,12,5.367494454
M,7,12,1.786077389
M,7,12,8.639540496
M,7,12,3.608740369
M,7,12,5.634492896
M,7,12,7.893734008
F,8,12,5.51200392
F,8,12,3.8277805
F,8,12,4.5933366
F,8,12,1.981929756
F,8,12,6.613622026
F,8,12,3.985178834
F,8,12,3.14299224
F,8,12,3.36844684
F,8,12,4.5933366
F,8,12,0.10289074
F,8,12,7.96178344
F,8,12,6.573949629
F,8,12,3.931744908
F,8,12,2.44977952
F,8,12,9.609696183
F,8,12,5.203780026
F,8,12,2.799748023
F,8,12,4.5933366
F,8,12,5.247725439
F,8,12,5.66511514
F,8,12,3.386820186
F,8,12,4.014344591
F,8,12,5.373709915
F,8,12,4.757471828
F,8,12,3.98089172
F,8,12,5.751175397
F,8,12,2.370754374
F,8,12,3.36844684
F,8,12,6.1244488
F,8,12,4.5933366
F,8,12,4.683402023
F,8,12,2.671049928
F,8,12,5.397327452
F,8,12,3.778473497
F,8,12,2.573505758
F,8,12,5.132871375
F,8,12,11.15418936
F,8,12,6.532745386
F,8,12,5.854252529
F,8,12,2.701427542
F,8,12,4.173936272
F,8,12,2.626567733
F,8,12,4.396751094
F,8,12,4.078334442
F,8,12,4.158842178
F,8,12,4.506669871
F,8,12,3.98089172
F,8,12,6.73689368
F,8,12,2.658081065
F,8,12,2.441729861
F,8,12,1.592356688
F,8,12,4.742685593
F,8,12,3.67466928
F,8,12,3.943917493
F,8,12,4.5933366
F,8,12,7.151302491
F,8,12,5.24066758
F,8,12,4.980636375
F,8,12,6.038734166
F,8,12,2.333123352
F,8,12,6.665679159
F,8,12,6.175344496
F,8,12,3.366504626
F,8,12,8.727339539
F,8,12,4.05894842
F,8,12,2.789007971
F,8,12,4.090457547
F,8,12,2.547770701
F,8,12,3.98089172
F,8,12,12.78680402
F,8,12,2.163879743
F,8,12,9.683250129
F,8,12,13.08786319
F,8,12,4.549590537
F,8,12,5.97133758
F,8,12,3.98089172
F,8,12,7.34933856
F,8,12,6.501026478
F,8,12,2.777366316
F,8,12,4.5933366
F,8,12,4.069921247
F,8,12,9.598372258
F,8,12,3.509209847
F,8,12,3.069603254
F,8,12,6.250372046
F,8,12,5.864433838
F,8,12,3.928280816
F,8,12,3.770516904
F,8,12,6.84884597
F,8,12,3.919647232
F,8,12,3.67466928
F,8,12,1.821918407
F,8,12,3.526216306
F,8,12,10.92469245
F,8,12,5.171756764
F,8,12,2.915582668
F,8,12,4.97611465
F,8,12,8.880450759
F,8,12,0.281335104
F,8,12,4.89955904
F,8,12,4.115946205
F,8,12,5.510771636
F,8,12,3.289993157
F,8,12,5.310950586
F,8,12,3.0622244
F,8,12,6.1244488
M,8,12,4.332943368
M,8,12,5.573248408
M,8,12,9.034647875
M,8,12,5.43731552
M,8,12,5.830138903
M,8,12,3.332839579
M,8,12,8.11489466
M,8,12,7.464171975
M,8,12,5.816828084
M,8,12,10.19849989
M,8,12,4.74644782
M,8,12,6.1244488
M,8,12,3.578329636
M,8,12,3.281219842
M,8,12,2.569734241
M,8,12,4.386657542
M,8,12,6.322011664
M,8,12,7.156045493
M,8,12,9.569451249
M,8,12,8.26800588
M,8,12,4.5933366
M,8,12,4.87456129
M,8,12,3.258776478
M,8,12,9.799118079
M,8,12,4.28711416
M,8,12,9.186673199
M,8,12,5.81822636
M,8,12,7.04311612
M,8,12,5.130991891
M,8,12,4.592417932
M,8,12,4.094331839
M,8,12,5.988349937
M,8,12,2.82041037
M,8,12,3.249707526
M,8,12,14.39245468
M,8,12,4.598708923
M,8,12,8.92142339
M,8,12,7.912331368
M,8,12,2.769315979
M,8,12,6.369426752
M,8,12,9.637948374
M,8,12,7.34933856
M,8,12,6.303078556
M,8,12,5.81822636
M,8,12,7.224302554
M,8,12,9.692605926
M,8,12,7.361649009
M,8,12,7.181216436
M,8,12,9.952229299
M,8,12,4.77826463
M,8,12,8.2325924
M,8,12,4.65849031
M,8,12,3.98089172
M,8,12,6.645026948
M,8,12,16.85405094
M,8,12,3.510205124
M,8,12,7.891325179
M,8,12,8.256664308
M,8,12,7.84734302
M,8,12,9.186673199
M,8,12,9.592510168
M,8,12,5.869263433
M,8,12,4.683402023
M,8,12,4.912897222
M,8,12,8.344227186
M,8,12,4.89955904
M,8,12,3.280168
M,8,12,6.526052
M,8,12,8.14137254
M,8,12,5.320170837
M,8,12,5.991689787
M,8,12,7.516116288
M,8,12,6.405010141
M,8,12,6.67762482
M,8,12,7.507388851
M,8,12,2.53762022
M,8,12,3.545421474
M,8,12,5.247020605
M,8,12,5.81822636
M,8,12,5.603601248
M,8,12,28.30856334
M,8,12,9.186673199
M,8,12,12.3563937
M,8,12,4.99149824
M,8,12,8.57422832
M,8,12,8.359872612
M,8,12,5.116005423
M,8,12,7.083699816
M,8,12,7.655561
M,8,12,6.004846769
M,8,12,3.912958414
M,8,12,4.511677282
M,8,12,4.238912479
M,8,12,10.49905509
M,8,12,4.320347603
M,8,12,4.834804634
M,8,12,4.89955904
M,8,12,6.143351419
F,9,12,1.355197181
F,9,12,4.008730123
F,9,12,2.403557265
F,9,12,3.283209666
F,9,12,3.387992953
F,9,12,3.943917493
F,9,12,1.026185421
F,9,12,4.316205292
F,9,12,3.98089172
F,9,12,4.479596836
F,9,12,4.28711416
F,9,12,4.447923709
F,9,12,1.532954694
F,9,12,3.21533562
F,9,12,4.303666724
F,9,12,4.5933366
F,9,12,3.98089172
F,9,12,7.834054293
F,9,12,4.21943356
F,9,12,7.593266606
F,9,12,6.43067124
F,9,12,6.73689368
F,9,12,3.67466928
F,9,12,5.059327269
F,9,12,3.461644974
F,9,12,4.5933366
F,9,12,4.985278765
F,9,12,4.022795843
F,9,12,3.266372693
F,9,12,5.374494398
F,9,12,7.012212938
F,9,12,2.365304364
F,9,12,6.025133414
F,9,12,2.411501715
F,9,12,2.137391527
F,9,12,32.49740023
F,9,12,7.926812209
F,9,12,8.293524416
F,9,12,8.369811763
F,9,12,4.072758452
F,9,12,1.693996477
F,9,12,0.668706221
F,9,12,3.345807827
F,9,12,13.17812431
F,9,12,6.499415053
F,9,12,5.545520804
F,9,12,3.533662553
F,9,12,1.305407986
F,9,12,8.57422832
F,9,12,7.295658132
F,9,12,5.168175215
F,9,12,2.822105619
F,9,12,5.51200392
F,9,12,5.790387956
F,9,12,8.283936527
F,9,12,4.470847624
F,9,12,3.346325696
F,9,12,3.115480476
F,9,12,3.0622244
F,9,12,6.29536365
F,9,12,4.312632696
F,9,12,9.330214968
F,9,12,2.90911318
F,9,12,4.992701699
F,9,12,3.36844684
F,9,12,5.237084218
F,9,12,4.654581088
F,9,12,4.088262988
F,9,12,16.78098971
F,9,12,2.862663709
F,9,12,1.170850506
F,9,12,8.049275565
F,9,12,3.8277805
F,9,12,10.29402303
F,9,12,3.406662606
F,9,12,3.584082577
F,9,12,6.066120716
F,9,12,5.516059846
F,9,12,7.014787171
F,9,12,4.89955904
F,9,12,5.111029369
F,9,12,5.808799789
F,9,12,7.72859313
F,9,12,4.286289873
F,9,12,4.062134408
F,9,12,3.334778404
F,9,12,10.61571125
F,9,12,11.00599476
F,9,12,7.167163175
F,9,12,7.655561
F,9,12,4.151395462
F,9,12,3.934781005
F,9,12,6.1244488
F,9,12,5.3588927
F,9,12,3.174339717
F,9,12,5.140883083
F,9,12,9.567808425
F,9,12,6.73689368
F,9,12,4.712723265
F,9,12,4.838652919
F,9,12,6.1244488
F,9,12,4.885941588
F,9,12,0.519790005
F,9,12,4.28711416
F,9,12,2.229299363
F,9,12,4.209946105
F,9,12,3.768891569
F,9,12,7.96178344
F,9,12,5.894169525
F,9,12,6.361474908
F,9,12,2.866242038
F,9,12,4.89955904
F,9,12,7.556413348
F,9,12,2.826668677
F,9,12,9.477340985
F,9,12,2.515074729
M,9,12,2.041482933
M,9,12,2.529457883
M,9,12,2.359046945
M,9,12,4.749133982
M,9,12,4.394085561
M,9,12,7.696390658
M,9,12,3.214384618
M,9,12,3.001300564
M,9,12,8.26800588
M,9,12,6.808697562
M,9,12,12.28389445
M,9,12,3.98089172
M,9,12,5.20578148
M,9,12,4.496065942
M,9,12,4.89955904
M,9,12,2.338262391
M,9,12,5.678537966
M,9,12,7.04311612
M,9,12,3.976910828
M,9,12,7.34933856
M,9,12,7.04311612
M,9,12,3.36844684
M,9,12,7.453584497
M,9,12,4.89955904
M,9,12,6.43067124
M,9,12,4.246284501
M,9,12,6.73689368
M,9,12,1.741640127
M,9,12,12.85323829
M,9,12,10.49425003
M,9,12,6.563913065
M,9,12,3.180002261
M,9,12,4.604404881
M,9,12,8.157031535
M,9,12,12.16922997
M,9,12,7.568788645
M,9,12,8.57422832
M,9,12,8.20097865
M,9,12,6.260547662
M,9,12,9.186673199
M,9,12,15.311122
M,9,12,7.512657194
M,9,12,10.7177854
M,9,12,9.186673199
M,9,12,5.272704265
M,9,12,5.103707333
M,9,12,3.311322776
M,9,12,3.364133848
M,9,12,3.573956122
M,9,12,4.66055616
M,9,12,15.311122
M,9,12,4.649216607
M,9,12,2.203742077
M,9,12,2.14355708
M,9,12,10.7177854
M,9,12,2.680735165
M,9,12,1.04245937
M,9,12,3.8837968
M,9,12,4.549590537
M,9,12,7.213239697
M,9,12,7.04311612
M,9,12,7.237984945
M,9,12,6.079279329
M,9,12,10.7177854
M,9,12,6.591903495
M,9,12,8.462874705
M,9,12,8.982524906
M,9,12,2.2966683
M,9,12,5.367494454
M,9,12,5.653337354
M,9,12,3.312101911
M,9,12,5.151868497
M,9,12,11.08233592
M,9,12,13.8594008
M,9,12,6.725481663
M,9,12,5.661712668
M,9,12,5.414012739
M,9,12,7.191288268
M,9,12,6.8900049
M,9,12,4.89955904
M,9,12,6.255686988
M,9,12,6.64003969
M,9,12,12.2488976
M,9,12,4.209144987
M,9,12,7.640249878
M,9,12,6.379634166
M,9,12,3.72737538
M,9,12,10.41156296
M,9,12,3.354406901
M,9,12,5.536339478
M,9,12,15.92356688
M,9,12,4.303666724
M,9,12,4.161841343
M,9,12,6.239918999
M,9,12,5.51200392
M,9,12,5.81822636
M,9,12,2.278185425
M,9,12,5.09216538
M,9,12,3.0622244
M,9,12,5.193596503
M,9,12,7.04311612
M,9,12,5.129555567
M,9,12,5.20578148
M,9,12,1.367318802
M,9,12,7.565971064
M,9,12,7.225591135
M,9,12,6.106950375
M,9,12,8.908289163
M,9,12,11.94267516
M,9,12,3.67466928
M,9,12,4.712075913
M,9,12,11.63645272
M,9,12,5.20578148
M,9,12,5.188671401
M,9,12,5.859321146
M,9,12,6.910770436
M,9,12,9.749460386
M,9,12,7.373787457
M,9,12,7.839294464
M,9,12,5.498785685
M,9,12,3.851281292
M,9,12,13.47378736
M,9,12,6.921362077
M,9,12,13.16756492
M,9,12,3.8277805
M,9,12,4.099689542
M,9,12,11.63645272
M,9,12,27.45442565
M,9,12,7.126631331
M,9,12,4.5933366
M,9,12,4.016755609
M,9,12,7.621536284
M,9,12,6.1244488
F,10,12,3.54842716
F,10,12,4.763460178
F,10,12,3.612151277
F,10,12,2.274795268
F,10,12,5.8734468
F,10,12,5.897617363
F,10,12,4.593064402
F,10,12,5.083341382
F,10,12,4.744451957
F,10,12,7.96178344
F,10,12,3.67466928
F,10,12,7.34933856
F,10,12,3.21533562
F,10,12,6.654624964
F,10,12,2.807039033
F,10,12,9.799118079
F,10,12,3.089647305
F,10,12,3.821656051
F,10,12,4.005928775
F,10,12,5.696235306
F,10,12,6.270420118
F,10,12,5.192467461
F,10,12,4.526766504
F,10,12,4.491262453
F,10,12,3.0622244
F,10,12,3.10703744
F,10,12,5.696962273
F,10,12,2.75600196
F,10,12,7.396192266
F,10,12,6.73689368
F,10,12,9.392703044
F,10,12,2.211606511
F,10,12,8.57422832
F,10,12,7.563694268
F,10,12,3.849653531
F,10,12,6.103013229
F,10,12,4.371175222
F,10,12,4.409603136
F,10,12,3.10703744
F,10,12,3.67466928
F,10,12,5.81822636
F,10,12,6.42458735
F,10,12,7.232505774
F,10,12,5.175327703
F,10,12,7.519125259
F,10,12,3.011549292
F,10,12,3.791325447
F,10,12,2.740819743
F,10,12,3.67466928
F,10,12,5.81822636
F,10,12,3.899649032
F,10,12,6.84884597
F,10,12,10.1481026
F,10,12,7.34933856
F,10,12,5.05267026
F,10,12,7.47512186
F,10,12,4.712075913
F,10,12,15.311122
F,10,12,4.559345909
F,10,12,4.89955904
F,10,12,6.025133414
F,10,12,3.98089172
F,10,12,5.605186794
F,10,12,2.387341361
F,10,12,5.653337354
F,10,12,4.281967564
F,10,12,1.39654549
F,10,12,4.13400294
F,10,12,8.917197452
F,10,12,5.722223538
F,10,12,8.930330291
F,10,12,6.0868242
F,10,12,6.804310975
F,10,12,2.10212104
F,10,12,5.51200392
F,10,12,3.538570418
F,10,12,2.683290419
F,10,12,3.051034049
M,10,12,11.45580351
M,10,12,3.0622244
M,10,12,6.130999012
M,10,12,3.252724896
M,10,12,4.411334429
M,10,12,8.685581934
M,10,12,5.345366974
M,10,12,5.51200392
M,10,12,5.20578148
M,10,12,2.114917571
M,10,12,11.19899209
M,10,12,3.8781215
M,10,12,7.96178344
M,10,12,5.849473547
M,10,12,7.34933856
M,10,12,7.50816513
M,10,12,4.825323297
M,10,12,4.28711416
M,10,12,4.97611465
M,10,12,9.764451388
M,10,12,10.11020119
M,10,12,16.22978932
M,10,12,4.93304122
M,10,12,5.141241324
M,10,12,4.89955904
M,10,12,5.12081141
M,10,12,10.16658501
M,10,12,7.50244978
M,10,12,11.02400784
M,10,12,5.3588927
M,10,12,0.338237066
M,10,12,8.124268816
M,10,12,10.04409603
M,10,12,6.58378246
M,10,12,4.70226136
M,10,12,3.992528173
M,10,12,4.454144582
M,10,12,7.814343005
M,10,12,7.006369427
M,10,12,5.20578148
M,10,12,0.415216868
M,10,12,7.72571978
M,10,12,8.807108595
M,10,12,4.109307582
M,10,12,4.5933366
M,10,12,7.716805488
M,10,12,9.064184223
M,10,12,11.63645272
M,10,12,6.775985906
M,10,12,7.021986771
M,10,12,4.549590537
M,10,12,8.084272416
M,10,12,7.04311612
M,10,12,3.8277805
M,10,12,4.94955454
M,10,12,7.259273136
M,10,12,8.26800588
M,10,12,3.31885024
M,10,12,4.281637471
M,10,12,11.90390992
M,10,12,5.463056083
M,10,12,6.43067124
M,10,12,5.824426814
M,10,12,5.05267026
M,10,12,6.73689368
M,10,12,2.526731791
M,10,12,6.43067124
M,10,12,3.905780555
M,10,12,12.06543394
M,10,12,4.89955904
M,10,12,2.90911318
M,10,12,5.81822636
M,10,12,7.00418062
M,10,12,7.655561
M,10,12,4.726496551
M,10,12,6.324781237
M,10,12,9.97003293
M,10,12,11.7589417
M,10,12,8.4211171
M,10,12,9.799118079
M,10,12,6.050955414
M,10,12,12.92688086
M,10,12,5.51200392
M,10,12,6.420793096
M,10,12,3.110071656
M,10,12,4.409603136
M,10,12,4.695410746
M,10,12,4.804252016
M,10,12,6.43067124
M,10,12,10.06814545
M,10,12,8.853257261
M,10,12,3.919647232
M,10,12,8.106543138
M,10,12,11.22232332
F,11,12,6.380595586
F,11,12,3.894757656
F,11,12,3.267896188
F,11,12,7.624938756
F,11,12,3.450705238
F,11,12,6.345541401
F,11,12,5.51200392
F,11,12,3.234474522
F,11,12,6.78035751
F,11,12,6.451247451
F,11,12,3.896468241
F,11,12,4.608370776
F,11,12,7.123700972
F,11,12,5.902171507
F,11,12,3.710345681
F,11,12,4.491262453
F,11,12,5.51200392
F,11,12,6.73689368
F,11,12,6.649401554
F,11,12,7.655561
F,11,12,7.607210088
F,11,12,2.870835375
F,11,12,5.111331157
F,11,12,6.026848022
F,11,12,6.170382166
F,11,12,2.507799298
F,11,12,12.31203625
F,11,12,4.382633086
F,11,12,0.425811259
F,11,12,3.0622244
F,11,12,2.456693291
F,11,12,6.61602401
F,11,12,5.527188503
F,11,12,1.196136479
F,11,12,3.919647232
F,11,12,2.98566879
F,11,12,3.223551344
F,11,12,4.305158463
F,11,12,2.810041214
F,11,12,7.662960719
F,11,12,0.91121985
F,11,12,1.633186347
F,11,12,7.283128302
F,11,12,4.144963179
F,11,12,6.43067124
F,11,12,6.050405377
F,11,12,5.092407612
F,11,12,6.72098602
F,11,12,4.28711416
F,11,12,5.573248408
F,11,12,5.253135465
F,11,12,2.929220274
F,11,12,7.129955319
F,11,12,3.175640118
F,11,12,5.20578148
F,11,12,2.196354052
F,11,12,4.5933366
F,11,12,2.75600196
F,11,12,7.839294464
F,11,12,5.726359628
F,11,12,3.122268016
M,11,12,7.655561
M,11,12,3.490935816
M,11,12,2.632940605
M,11,12,3.503184713
M,11,12,2.911737944
M,11,12,6.1244488
M,11,12,6.1244488
M,11,12,4.825323297
M,11,12,4.89955904
M,11,12,2.465584549
M,11,12,7.04311612
M,11,12,4.89955904
M,11,12,8.95300949
M,11,12,7.34933856
M,11,12,7.81156111
M,11,12,5.51200392
M,11,12,3.15318156
M,11,12,8.717281138
M,11,12,5.846064763
M,11,12,5.51200392
M,11,12,6.757233177
M,11,12,6.510969568
M,11,12,11.78531443
M,11,12,6.43067124
M,11,12,5.414012739
M,11,12,12.48907206
M,11,12,3.0622244
M,11,12,5.81822636
M,11,12,7.556946993
M,11,12,4.28711416
M,11,12,7.279344859
M,11,12,7.427156244
M,11,12,8.492569002
M,11,12,6.885866759
M,11,12,5.540926337
M,11,12,9.960420435
M,11,12,7.373836355
M,11,12,5.048030526
M,11,12,8.880450759
M,11,12,5.027171864
M,11,12,5.3588927
M,11,12,5.51200392
M,11,12,5.414012739
M,11,12,2.580207596
M,11,12,6.30886168
M,11,12,11.76959291
M,11,12,10.10534052
M,11,12,9.82070204
M,11,12,8.26800588
M,11,12,4.812455768
M,11,12,6.2738256
M,11,12,6.104881871
M,11,12,9.506607092
M,11,12,7.655561
M,11,12,6.62307649
M,11,12,17.69285209
M,11,12,5.97133758
M,11,12,9.186673199
M,11,12,13.15997263
M,11,12,4.873703847
M,11,12,6.1244488
M,11,12,10.20741467
M,11,12,9.799118079
M,11,12,5.96202192
M,11,12,9.749122579
M,11,12,10.74840764
M,11,12,7.655561
M,11,12,7.04311612
M,11,12,8.57422832
M,11,12,7.655561
M,11,12,4.164625184
M,11,12,3.711146359
M,11,12,7.04311612
M,11,12,5.81822636
M,11,12,3.766536012
M,11,12,6.43067124
M,11,12,3.07074749
M,11,12,7.516368981
M,11,12,2.994174969
M,11,12,9.047481181
M,11,12,3.694111974
F,12,12,5.479769979
F,12,12,3.98089172
F,12,12,5.51200392
F,12,12,4.5933366
F,12,12,2.878490936
F,12,12,7.091467031
F,12,12,4.549590537
F,12,12,3.98089172
F,12,12,5.175159236
F,12,12,5.692797148
F,12,12,4.960803528
F,12,12,4.893285597
F,12,12,3.36844684
F,12,12,7.545627144
F,12,12,3.794552107
F,12,12,6.792408557
F,12,12,5.372524908
F,12,12,4.948500251
F,12,12,3.5850432
F,12,12,4.74644782
F,12,12,8.4211171
F,12,12,6.032582068
F,12,12,5.879470848
M,12,12,6.915377616
M,12,12,5.134564088
M,12,12,6.828760412
M,12,12,10.56467418
M,12,12,7.944758956
M,12,12,6.119741306
M,12,12,5.661712668
M,12,12,8.320422333
M,12,12,8.26800588
M,12,12,13.16756492
M,12,12,5.624217882
M,12,12,3.98089172
M,12,12,7.655561
M,12,12,5.81822636
M,12,12,9.254722631
M,12,12,7.80867222
M,12,12,3.67466928
M,12,12,7.438746571
M,12,12,5.3588927
M,12,12,5.567680727
M,12,12,4.697624936
M,12,12,8.676302466
M,12,12,4.948823345
M,12,12,9.186673199
M,12,12,5.857841893
M,12,12,6.73689368
M,12,12,8.819206271
M,12,12,3.655741623
M,12,12,6.598163071
M,12,12,5.05161432
M,12,12,5.554732632
M,12,12,8.307947937
M,12,12,5.290221555
M,12,12,7.34933856
F,2,11,2.529781146
F,2,11,1.712211492
F,2,11,3.895673854
M,2,11,11.81143697
M,2,11,2.532575249
M,2,11,1.729647455
F,3,11,2.64448323
F,3,11,2.458183566
F,3,11,3.0622244
F,3,11,5.536328279
F,3,11,5.20578148
F,3,11,3.52406808
F,3,11,1.797580457
F,3,11,4.28436777
M,3,11,1.647265539
M,3,11,9.492895639
M,3,11,1.633186347
M,3,11,9.458081487
M,3,11,2.31896605
M,3,11,2.653927813
M,3,11,6.389304588
M,3,11,5.51200392
M,3,11,5.86579766
M,3,11,3.899649032
F,4,11,3.0622244
F,4,11,3.293844718
F,4,11,4.78904267
F,4,11,6.137208068
F,4,11,3.919647232
F,4,11,4.018565774
F,4,11,4.89955904
F,4,11,3.000979912
F,4,11,0.92954832
F,4,11,5.861435661
F,4,11,2.44977952
F,4,11,1.838749062
F,4,11,9.926379353
F,4,11,2.270700637
F,4,11,5.107559188
F,4,11,2.518666114
F,4,11,0.816593173
F,4,11,3.113111804
F,4,11,7.96178344
F,4,11,0.661758624
F,4,11,7.34933856
F,4,11,10.56539983
F,4,11,2.566099986
F,4,11,5.397819281
F,4,11,4.082965866
F,4,11,8.407643312
F,4,11,3.450106157
F,4,11,2.161570165
F,4,11,1.192138697
F,4,11,2.516896767
M,4,11,2.761312176
M,4,11,3.10703744
M,4,11,6.407873996
M,4,11,4.562714356
M,4,11,6.27756002
M,4,11,4.74644782
M,4,11,6.43067124
M,4,11,2.793608224
M,4,11,2.250069233
M,4,11,1.611697053
M,4,11,8.324399319
M,4,11,4.97611465
M,4,11,4.44022538
M,4,11,5.287711962
M,4,11,9.971405078
M,4,11,10.56467418
M,4,11,8.329250368
M,4,11,7.025103035
M,4,11,12.2488976
M,4,11,5.620082428
F,5,11,0.779929806
F,5,11,9.560115199
F,5,11,1.569608735
F,5,11,5.157430568
F,5,11,5.756259933
F,5,11,5.741364527
F,5,11,5.200269476
F,5,11,5.389514944
F,5,11,5.587216449
F,5,11,1.185797534
F,5,11,3.67466928
F,5,11,4.97611465
F,5,11,2.971161167
F,5,11,3.376021246
F,5,11,1.842396168
F,5,11,6.244536031
F,5,11,2.33027808
F,5,11,2.388535032
F,5,11,3.592301422
F,5,11,7.605285674
F,5,11,2.899944091
F,5,11,6.73689368
F,5,11,10.78121232
F,5,11,7.275880154
F,5,11,3.0622244
F,5,11,6.1244488
F,5,11,6.8900049
F,5,11,2.242755898
F,5,11,1.806329618
F,5,11,6.499415053
F,5,11,2.44977952
F,5,11,5.710520536
F,5,11,0.554104111
M,5,11,4.5933366
M,5,11,4.777070064
M,5,11,39.8089172
M,5,11,6.098387315
M,5,11,11.72287132
M,5,11,9.299363057
M,5,11,4.28711416
M,5,11,5.153748443
M,5,11,7.34933856
M,5,11,3.492010281
M,5,11,5.554732632
M,5,11,7.655561
M,5,11,11.79523473
M,5,11,5.766559199
M,5,11,4.74644782
M,5,11,3.36844684
M,5,11,4.71809389
M,5,11,14.62368387
M,5,11,4.604404881
M,5,11,6.1244488
M,5,11,6.1244488
M,5,11,7.470315326
M,5,11,7.839294464
M,5,11,7.34933856
M,5,11,10.41156296
M,5,11,1.973021081
F,6,11,4.5933366
F,6,11,2.481113909
F,6,11,4.461344169
F,6,11,4.485511797
F,6,11,3.392412074
F,6,11,4.834479508
F,6,11,0.7655561
F,6,11,3.67466928
F,6,11,3.245957864
F,6,11,4.814429201
F,6,11,1.858782126
F,6,11,4.270485069
F,6,11,6.43067124
F,6,11,4.89955904
F,6,11,2.923990858
F,6,11,12.09578638
F,6,11,5.58855953
F,6,11,7.04311612
F,6,11,2.948808681
F,6,11,3.142809252
F,6,11,6.369426752
F,6,11,7.720517275
F,6,11,5.124237129
F,6,11,2.353036634
F,6,11,5.375043672
F,6,11,7.418934569
F,6,11,9.914673717
F,6,11,3.8277805
F,6,11,3.461644974
F,6,11,10.10534052
F,6,11,6.959600909
F,6,11,3.874347173
F,6,11,6.11431234
F,6,11,3.36844684
F,6,11,3.810768142
F,6,11,4.359518754
F,6,11,4.345612794
M,6,11,2.592208562
M,6,11,6.008893162
M,6,11,4.254019081
M,6,11,7.735167213
M,6,11,5.775802596
M,6,11,4.89955904
M,6,11,18.47341909
M,6,11,3.705291524
M,6,11,3.317409767
M,6,11,3.74546264
M,6,11,6.58679085
M,6,11,4.094631483
M,6,11,6.609782478
M,6,11,11.33023028
M,6,11,2.443067795
M,6,11,7.316233431
M,6,11,7.34933856
M,6,11,2.75600196
M,6,11,4.06935598
M,6,11,4.89955904
M,6,11,3.115480476
M,6,11,10.41156296
M,6,11,11.59562306
M,6,11,1.296234216
M,6,11,8.433534262
M,6,11,4.073470597
M,6,11,5.118289354
M,6,11,4.5933366
M,6,11,6.824385805
M,6,11,5.66511514
M,6,11,5.268431986
M,6,11,4.926187078
M,6,11,11.26898579
M,6,11,4.596493532
M,6,11,3.370067064
M,6,11,10.79563856
M,6,11,9.478313618
M,6,11,4.423213022
M,6,11,10.16658501
M,6,11,7.3588927
M,6,11,24.88057325
M,6,11,7.423574303
M,6,11,6.410637996
M,6,11,11.23142251
M,6,11,4.89955904
M,6,11,4.762978412
M,6,11,2.997377295
M,6,11,3.67466928
M,6,11,7.279344859
M,6,11,3.655920967
F,7,11,2.488057325
F,7,11,4.5933366
F,7,11,7.143282338
F,7,11,4.082965866
F,7,11,4.28711416
F,7,11,3.36844684
F,7,11,4.460532763
F,7,11,5.81822636
F,7,11,2.923671296
F,7,11,3.0622244
F,7,11,9.907997169
F,7,11,15.92356688
F,7,11,6.285618505
F,7,11,1.777750688
F,7,11,3.970909371
F,7,11,7.96178344
F,7,11,6.030627456
F,7,11,1.887237556
F,7,11,4.769121528
F,7,11,4.777070064
F,7,11,7.34933856
F,7,11,2.322186837
F,7,11,1.811554821
F,7,11,4.13400294
F,7,11,0.212314225
F,7,11,3.98089172
F,7,11,4.09697261
F,7,11,5.307855626
F,7,11,2.781170928
F,7,11,10.39300402
F,7,11,11.30667471
F,7,11,4.287435292
F,7,11,4.810745281
F,7,11,5.594150464
F,7,11,8.146941194
F,7,11,1.965815882
F,7,11,7.04311612
F,7,11,6.298879303
F,7,11,6.111061272
F,7,11,3.728858847
F,7,11,4.278885534
F,7,11,5.686988171
F,7,11,4.458598726
F,7,11,3.857200306
F,7,11,8.351026185
F,7,11,11.98079587
F,7,11,9.194710534
F,7,11,4.042028918
F,7,11,3.81860117
F,7,11,5.360906261
F,7,11,4.512751747
F,7,11,6.303078556
F,7,11,10.18367649
F,7,11,7.43719554
F,7,11,6.1244488
F,7,11,3.947250381
F,7,11,2.44977952
F,7,11,3.225026203
F,7,11,2.943071699
F,7,11,4.549590537
F,7,11,4.337861579
F,7,11,3.605335897
M,7,11,5.587216449
M,7,11,0.221160651
M,7,11,4.392708105
M,7,11,5.696235306
M,7,11,4.220026558
M,7,11,7.655561
M,7,11,5.20578148
M,7,11,4.114133545
M,7,11,5.20578148
M,7,11,3.209401076
M,7,11,4.631508372
M,7,11,3.184713376
M,7,11,3.821656051
M,7,11,2.75600196
M,7,11,9.186673199
M,7,11,9.952229299
M,7,11,2.640724192
M,7,11,5.307855626
M,7,11,13.46939707
M,7,11,5.97133758
M,7,11,5.3588927
M,7,11,6.58378246
M,7,11,2.445404914
M,7,11,6.961122133
M,7,11,0.42462845
M,7,11,3.67466928
M,7,11,6.438099816
M,7,11,1.751592357
M,7,11,4.307422105
M,7,11,3.36844684
M,7,11,7.674008134
M,7,11,3.373640372
M,7,11,6.31371748
M,7,11,7.34933856
M,7,11,2.067995699
M,7,11,7.96178344
M,7,11,11.6513904
M,7,11,4.364924934
M,7,11,8.062918665
M,7,11,15.311122
M,7,11,13.38192063
M,7,11,4.777547819
M,7,11,7.04311612
M,7,11,5.476516459
M,7,11,5.897617363
M,7,11,5.819780788
M,7,11,1.614784247
M,7,11,5.027024914
M,7,11,5.067475384
M,7,11,8.880450759
M,7,11,3.303644581
M,7,11,1.42620393
M,7,11,4.225527524
M,7,11,6.58412653
F,8,11,0.785271791
F,8,11,3.361641897
F,8,11,7.259984899
F,8,11,2.820118603
F,8,11,4.793848534
F,8,11,9.186673199
F,8,11,4.777070064
F,8,11,3.36844684
F,8,11,6.511873995
F,8,11,4.246284501
F,8,11,4.765157171
F,8,11,7.730702654
F,8,11,7.34933856
F,8,11,6.499415053
F,8,11,4.103004963
F,8,11,4.28711416
F,8,11,3.735913768
F,8,11,5.681648276
F,8,11,7.655561
F,8,11,2.803444873
F,8,11,4.549590537
F,8,11,3.029361504
F,8,11,5.51200392
F,8,11,3.512551517
F,8,11,2.978508913
F,8,11,2.761312176
F,8,11,1.486839076
F,8,11,5.202565608
F,8,11,4.676851811
F,8,11,6.04956471
F,8,11,7.317523241
F,8,11,6.607957915
F,8,11,5.218249325
F,8,11,6.342245699
F,8,11,6.1244488
F,8,11,3.15318156
F,8,11,7.114785201
F,8,11,10.10534052
F,8,11,5.787604116
F,8,11,3.36844684
F,8,11,5.20578148
F,8,11,3.67466928
F,8,11,4.549590537
F,8,11,6.314177697
F,8,11,1.923136097
F,8,11,0.551200392
F,8,11,5.606130519
F,8,11,6.987455613
F,8,11,3.746721619
F,8,11,5.20578148
F,8,11,8.580574899
F,8,11,8.537939696
F,8,11,3.053416468
F,8,11,2.257944933
F,8,11,2.825148962
F,8,11,7.995096341
F,8,11,5.810705107
F,8,11,7.176412946
F,8,11,4.268516357
F,8,11,8.772984016
F,8,11,2.44977952
M,8,11,1.032880014
M,8,11,6.433764396
M,8,11,4.616169911
M,8,11,9.353908034
M,8,11,7.655561
M,8,11,3.837004067
M,8,11,4.5933366
M,8,11,4.777070064
M,8,11,5.538631958
M,8,11,5.384130813
M,8,11,5.66530969
M,8,11,7.34933856
M,8,11,3.598546187
M,8,11,10.70711344
M,8,11,5.626702077
M,8,11,7.96178344
M,8,11,5.132871375
M,8,11,4.159625634
M,8,11,3.67466928
M,8,11,5.81822636
M,8,11,5.242326545
M,8,11,5.20578148
M,8,11,3.43519645
M,8,11,4.030038531
M,8,11,7.612860659
M,8,11,8.880450759
M,8,11,11.07143623
M,8,11,3.798862874
M,8,11,9.646006859
M,8,11,3.335277324
M,8,11,6.43067124
M,8,11,3.198038536
M,8,11,1.436172887
M,8,11,5.918493884
M,8,11,8.165931733
M,8,11,6.383819206
M,8,11,8.023946595
M,8,11,5.988349937
M,8,11,6.225755472
M,8,11,0.525097012
M,8,11,2.993630573
M,8,11,8.904626215
M,8,11,6.43067124
M,8,11,5.20578148
M,8,11,6.1244488
M,8,11,5.931616931
M,8,11,8.57422832
M,8,11,5.462630147
M,8,11,4.28711416
M,8,11,3.122268016
M,8,11,6.727021027
M,8,11,4.766813338
M,8,11,8.223297403
M,8,11,7.655561
M,8,11,4.159625634
M,8,11,4.101039357
M,8,11,8.675204895
M,8,11,6.142622238
M,8,11,10.4416832
M,8,11,3.734951813
M,8,11,5.538631958
M,8,11,2.006118662
M,8,11,4.731574158
M,8,11,5.095541401
M,8,11,6.73689368
M,8,11,5.980682396
M,8,11,22.11606511
M,8,11,4.858037353
M,8,11,4.5933366
M,8,11,3.428676926
F,9,11,0.729323674
F,9,11,2.621163272
F,9,11,9.836952512
F,9,11,6.587087018
F,9,11,3.67466928
F,9,11,0.07655561
F,9,11,2.846671174
F,9,11,5.802109389
F,9,11,5.729114009
F,9,11,3.463455255
F,9,11,5.890345331
F,9,11,6.472994666
F,9,11,3.017096882
F,9,11,4.736024518
F,9,11,4.164625184
F,9,11,6.73689368
F,9,11,5.088003618
F,9,11,3.8277805
F,9,11,4.635028857
F,9,11,4.500138466
F,9,11,5.870439402
F,9,11,7.296717997
F,9,11,4.211191241
F,9,11,3.156306616
F,9,11,2.779386219
F,9,11,9.20074777
F,9,11,8.593671014
F,9,11,3.32915281
F,9,11,4.274783055
F,9,11,4.74644782
F,9,11,6.1244488
F,9,11,6.43067124
F,9,11,5.82680549
F,9,11,5.459508644
F,9,11,5.974083022
F,9,11,4.432333049
F,9,11,5.328270456
F,9,11,2.901054695
F,9,11,10.73498891
F,9,11,8.242453181
F,9,11,4.664678067
F,9,11,4.991425772
F,9,11,4.112255435
F,9,11,4.388384573
F,9,11,2.480401764
F,9,11,3.947991788
F,9,11,9.45285949
F,9,11,6.096680518
F,9,11,4.13400294
F,9,11,7.279344859
F,9,11,4.85932425
M,9,11,3.340608436
M,9,11,6.355303854
M,9,11,4.89955904
M,9,11,5.597502847
M,9,11,3.98089172
M,9,11,4.13400294
M,9,11,7.684691208
M,9,11,4.458598726
M,9,11,2.904796611
M,9,11,6.824385805
M,9,11,5.20578148
M,9,11,3.767176878
M,9,11,1.583309207
M,9,11,4.018058763
M,9,11,5.744973149
M,9,11,3.868072926
M,9,11,10.70201785
M,9,11,3.927704061
M,9,11,2.584994623
M,9,11,4.676851811
M,9,11,3.595644134
M,9,11,0.153480163
M,9,11,3.258776478
M,9,11,7.621536284
M,9,11,7.318716316
M,9,11,9.380599045
M,9,11,6.326292936
M,9,11,10.17600724
M,9,11,8.292174778
M,9,11,9.799118079
M,9,11,8.530482257
M,9,11,8.26800588
M,9,11,6.139206508
M,9,11,3.545135483
M,9,11,4.008730123
M,9,11,6.384750152
M,9,11,4.600141543
M,9,11,7.96178344
M,9,11,7.014787171
M,9,11,8.659685745
M,9,11,9.405403514
M,9,11,11.26335411
M,9,11,7.921673699
M,9,11,1.670304218
M,9,11,7.018652068
M,9,11,8.57422832
M,9,11,5.738222299
M,9,11,2.136288642
M,9,11,10.59364117
M,9,11,5.420788725
M,9,11,4.5933366
M,9,11,7.979595036
M,9,11,5.560835828
M,9,11,3.081980686
M,9,11,4.5933366
M,9,11,3.060385226
M,9,11,7.450476246
M,9,11,3.67466928
M,9,11,4.862157826
M,9,11,7.655561
M,9,11,4.654581088
M,9,11,6.643846498
M,9,11,10.41156296
F,10,11,2.44977952
F,10,11,2.382875702
F,10,11,3.960265338
F,10,11,4.821149142
F,10,11,1.995434446
F,10,11,2.642915665
F,10,11,6.053766091
M,10,11,1.092793805
M,10,11,3.67466928
M,10,11,2.44977952
M,10,11,7.264052118
M,10,11,4.81316883
M,10,11,2.002964387
M,10,11,10.10534052
M,10,11,2.205862079
M,10,11,7.96178344
M,10,11,4.512271002
M,10,11,3.558338967
M,10,11,12.15152957
M,10,11,4.5933366
M,10,11,5.20578148
M,10,11,9.186673199
M,10,11,4.814901432
M,10,11,4.89955904
M,10,11,3.364980171
M,10,11,5.846666025
M,10,11,4.713106476
M,10,11,3.67466928
M,10,11,4.005928775
M,10,11,10.43268175
M,10,11,6.920503915
M,10,11,8.118844418
M,10,11,6.50890325
M,10,11,8.908289163
M,10,11,5.811520759
M,10,11,7.39842259
M,10,11,3.791325447
M,10,11,5.004549591
M,10,11,5.51200392
M,10,11,8.811927447
M,10,11,2.826668677
F,11,11,3.642169917
F,11,11,0.42462845
F,11,11,2.75600196
F,11,11,3.552180304
F,11,11,4.5933366
F,11,11,4.643608683
F,11,11,3.817637485
F,11,11,9.013339743
F,11,11,7.077140835
M,11,11,4.946562576
M,11,11,3.9156312
M,11,11,9.375558069
M,11,11,12.32792275
M,11,11,3.256353145
M,11,11,6.956370514
M,11,11,4.792646164
M,11,11,12.35858922
M,11,11,8.880450759
M,11,11,6.634819533
M,11,11,2.60289074
M,11,11,4.654581088
F,12,11,4.28711416
F,12,11,4.06935598
M,12,11,6.219131084
M,12,11,2.962524071
M,12,11,5.51200392
M,12,11,6.73689368
M,12,11,4.398775381
M,12,11,18.3733464
M,12,11,7.96178344
M,12,11,1.635982899
M,12,11,6.43067124
M,12,11,4.239219136
F,13,11,3.98089172
F,13,11,5.443954489
F,13,11,5.119633796
F,13,11,5.3588927
M,13,11,4.088483388
M,13,11,3.330754134
F,2,10,0.271328083
F,3,10,1.709543111
F,3,10,2.370019256
F,3,10,3.36844684
F,3,10,5.573248408
F,3,10,1.930129319
F,3,10,1.99044586
F,3,10,1.01910828
M,3,10,5.384130813
M,3,10,5.925048141
M,3,10,0.982936227
F,4,10,3.137648646
F,4,10,4.46076152
F,4,10,3.155133995
F,4,10,4.962845011
F,4,10,2.909890394
F,4,10,5.129739666
F,4,10,2.891907719
F,4,10,5.646654922
M,4,10,3.0622244
M,4,10,3.970443185
M,4,10,11.63645272
M,4,10,2.488057325
M,4,10,2.388535032
M,4,10,5.20578148
M,4,10,1.004905614
M,4,10,4.595177616
M,4,10,8.908289163
M,4,10,4.5933366
M,4,10,5.790387956
M,4,10,2.85624518
F,5,10,0.518894236
F,5,10,3.480561066
F,5,10,2.75600196
F,5,10,4.443786106
F,5,10,2.75600196
F,5,10,3.256353145
F,5,10,3.860258637
F,5,10,7.34933856
F,5,10,4.685555312
F,5,10,8.380824673
F,5,10,3.340121822
F,5,10,2.274795268
F,5,10,4.676851811
F,5,10,7.471827536
F,5,10,4.405919257
F,5,10,0.51868296
M,5,10,4.351782253
M,5,10,9.843659525
M,5,10,5.915143714
M,5,10,5.51200392
M,5,10,2.10559562
M,5,10,3.829903317
M,5,10,6.113252367
M,5,10,1.592356688
M,5,10,0.399086889
M,5,10,2.75600196
F,6,10,2.022040239
F,6,10,2.943358018
F,6,10,1.633186347
F,6,10,3.257093225
F,6,10,2.662803826
F,6,10,4.840764331
F,6,10,3.796975709
F,6,10,4.409603136
F,6,10,2.171042411
F,6,10,3.548680619
F,6,10,2.330684122
F,6,10,3.67466928
F,6,10,7.493443237
F,6,10,3.189062097
F,6,10,18.51577544
F,6,10,3.467443374
F,6,10,1.843920069
M,6,10,5.732484076
M,6,10,2.815216244
M,6,10,7.463050723
M,6,10,1.309907815
M,6,10,7.96178344
M,6,10,9.628203229
M,6,10,2.345149761
M,6,10,3.993371004
M,6,10,3.466354695
M,6,10,5.671407382
M,6,10,5.242923653
M,6,10,6.487379099
M,6,10,9.128159357
M,6,10,5.072994758
M,6,10,5.18190651
M,6,10,8.530482257
M,6,10,2.630545189
M,6,10,7.742415014
M,6,10,7.655561
M,6,10,4.696021969
M,6,10,1.442134359
M,6,10,4.28711416
M,6,10,10.47416844
M,6,10,8.177415074
M,6,10,4.5933366
F,7,10,4.478503185
F,7,10,1.708537219
F,7,10,5.66511514
F,7,10,6.1244488
F,7,10,3.693891739
F,7,10,5.81822636
F,7,10,7.588673652
F,7,10,14.09165211
F,7,10,1.836628244
F,7,10,7.162805348
F,7,10,1.835569669
F,7,10,5.51200392
F,7,10,3.0622244
F,7,10,4.381355181
F,7,10,5.178395733
F,7,10,5.120575325
F,7,10,4.644373673
F,7,10,5.919541591
F,7,10,4.5933366
F,7,10,2.316155182
F,7,10,5.103707333
F,7,10,1.983362423
M,7,10,1.073498891
M,7,10,5.44912935
M,7,10,5.20578148
M,7,10,0.504708934
M,7,10,6.369426752
M,7,10,4.74644782
M,7,10,2.14355708
M,7,10,5.740685055
M,7,10,3.0622244
M,7,10,6.578750635
M,7,10,2.514247402
M,7,10,8.666095051
M,7,10,2.171395484
M,7,10,5.392878485
M,7,10,7.134982852
M,7,10,6.96656051
M,7,10,4.349852416
M,7,10,0.683265779
M,7,10,4.17289319
M,7,10,3.768891569
M,7,10,4.89955904
M,7,10,3.0622244
M,7,10,4.312632696
M,7,10,2.274795268
M,7,10,3.299683532
M,7,10,3.649150743
M,7,10,2.590550433
M,7,10,4.146762208
M,7,10,10.84694457
M,7,10,6.824385805
M,7,10,4.516606006
M,7,10,3.145395927
M,7,10,6.1244488
M,7,10,3.67466928
M,7,10,2.527550298
M,7,10,2.337118427
M,7,10,4.235695263
M,7,10,7.045826053
M,7,10,4.28711416
M,7,10,6.8900049
M,7,10,5.653337354
M,7,10,4.766237705
M,7,10,7.045826053
M,7,10,2.123142251
F,8,10,1.918321469
F,8,10,1.809496236
F,8,10,1.350408499
F,8,10,6.08842263
F,8,10,5.05267026
F,8,10,1.876164479
F,8,10,6.260547662
F,8,10,3.115480476
F,8,10,1.728474017
F,8,10,5.294280548
F,8,10,6.824385805
F,8,10,4.019411076
F,8,10,3.221889018
F,8,10,7.263381383
F,8,10,0.22966683
F,8,10,1.592356688
F,8,10,3.763752171
F,8,10,4.170457992
F,8,10,6.219591147
F,8,10,4.679354139
F,8,10,3.216882198
F,8,10,1.65296542
F,8,10,1.551941544
F,8,10,6.227883935
F,8,10,3.98089172
F,8,10,5.20578148
F,8,10,4.153973968
F,8,10,2.14355708
F,8,10,6.662580284
F,8,10,2.647623947
F,8,10,3.0622244
F,8,10,5.788038914
F,8,10,5.450759432
F,8,10,6.73689368
F,8,10,1.749842514
F,8,10,3.961298964
F,8,10,2.244261104
F,8,10,4.13400294
M,8,10,0.868558193
M,8,10,7.433243508
M,8,10,7.96178344
M,8,10,5.81822636
M,8,10,6.239438451
M,8,10,4.684837329
M,8,10,4.199622034
M,8,10,1.37800098
M,8,10,3.789808917
M,8,10,7.600747914
M,8,10,2.969429721
M,8,10,6.252041483
M,8,10,5.550122896
M,8,10,5.790387956
M,8,10,4.088037874
M,8,10,8.733492945
M,8,10,2.14355708
M,8,10,3.039953677
M,8,10,8.47449009
M,8,10,6.351701074
M,8,10,7.90477783
M,8,10,0.816593173
M,8,10,5.307855626
M,8,10,4.604404881
M,8,10,4.143370006
M,8,10,3.819109978
M,8,10,2.787495296
M,8,10,5.068509351
M,8,10,4.443786106
M,8,10,2.965282473
M,8,10,3.98089172
M,8,10,4.13400294
M,8,10,4.89955904
M,8,10,7.709096391
M,8,10,3.327312482
M,8,10,3.516861397
M,8,10,5.51200392
M,8,10,3.560549116
M,8,10,7.546714161
F,9,10,2.44977952
F,9,10,3.791325447
F,9,10,3.186705067
F,9,10,2.901327864
F,9,10,6.044524743
F,9,10,8.26800588
F,9,10,6.824385805
F,9,10,0.91866732
F,9,10,4.472912045
F,9,10,0.449606594
F,9,10,3.67466928
F,9,10,3.0622244
F,9,10,4.845942187
F,9,10,7.413806442
F,9,10,7.469477001
F,9,10,2.751372247
F,9,10,2.597154802
F,9,10,4.644373673
F,9,10,7.34933856
F,9,10,2.44977952
F,9,10,4.382633086
F,9,10,2.14355708
F,9,10,8.880450759
F,9,10,7.04311612
F,9,10,3.954644082
F,9,10,3.984449264
F,9,10,3.67466928
F,9,10,7.550292498
F,9,10,5.471276335
F,9,10,5.3588927
F,9,10,10.84157745
F,9,10,3.98089172
F,9,10,3.42538536
F,9,10,10.97297077
F,9,10,7.04311612
F,9,10,4.491262453
M,9,10,4.338846561
M,9,10,1.797822067
M,9,10,2.75600196
M,9,10,4.89955904
M,9,10,5.81822636
M,9,10,7.04311612
M,9,10,3.251996053
M,9,10,3.613127007
M,9,10,4.611595178
M,9,10,6.889833826
M,9,10,7.033722793
M,9,10,1.894702895
M,9,10,1.094403222
M,9,10,7.599884192
M,9,10,2.044507352
M,9,10,3.63967243
M,9,10,5.51200392
M,9,10,6.431358351
M,9,10,3.939851599
M,9,10,3.966430774
M,9,10,7.089075305
M,9,10,7.389126162
M,9,10,4.551203867
M,9,10,7.655561
M,9,10,7.210671794
M,9,10,5.318936745
M,9,10,8.165931733
M,9,10,4.256491916
M,9,10,6.535792376
M,9,10,3.244977239
M,9,10,4.082965866
M,9,10,10.69849724
M,9,10,5.552042689
M,9,10,6.139683747
M,9,10,8.56873554
M,9,10,6.366658639
M,9,10,6.572354453
M,9,10,6.114649682
M,9,10,9.186673199
M,9,10,4.227495632
M,9,10,4.591912309
M,9,10,3.67466928
M,9,10,5.814414462
M,9,10,5.307855626
M,9,10,5.095541401
M,9,10,6.1244488
F,10,10,2.547770701
F,10,10,7.372021703
F,10,10,6.369426752
F,10,10,3.574678279
F,10,10,4.352683429
F,10,10,3.98089172
F,10,10,3.401150207
F,10,10,3.67466928
M,10,10,9.634427019
M,10,10,1.905384071
M,10,10,0.826125389
M,10,10,7.34933856
M,10,10,5.492711906
M,10,10,1.561134008
M,10,10,9.910291218
M,10,10,11.1263404
M,10,10,7.655561
M,10,10,10.42566016
M,10,10,7.04311612
M,10,10,6.999370057
M,10,10,3.98089172
M,10,10,4.028983029
M,10,10,3.584082577
M,10,10,3.966724845
M,10,10,4.463720341
M,10,10,11.2007817
M,10,10,3.244741086
M,10,10,3.703155088
M,10,10,5.201891176
M,10,10,4.028095969
F,11,10,6.244536031
F,11,10,12.17684526
F,11,10,3.98089172
F,11,10,8.63651085
M,11,10,2.074731841
M,11,10,6.1244488
M,11,10,4.048364461
M,11,10,2.84678559
M,11,10,2.532015935
M,11,10,2.814179714
M,11,10,10.18461638
M,11,10,6.73689368
M,11,10,4.25108799
M,11,10,3.0622244
M,11,10,4.215061821
M,11,10,6.902827021
M,11,10,5.199532042
M,11,10,21.87303143
M,11,10,7.661967327
F,12,10,5.81822636
F,12,10,2.705294158
F,12,10,3.821656051
F,12,10,6.43067124
F,12,10,5.780867222
M,12,10,4.89955904
M,12,10,2.002964387
M,12,10,3.0622244
M,12,10,4.728395405
M,12,10,2.617572638
M,12,10,2.75600196
M,12,10,2.364520372
M,12,10,4.627361315
M,12,10,7.441205292
M,12,10,7.34933856
M,12,10,6.675381748
M,12,10,1.632628183
M,12,10,6.43067124
F,13,10,9.199309614
F,13,10,5.51200392
F,13,10,3.44500245
F,13,10,5.790387956
M,13,10,7.04311612
M,14,10,5.479769979
M,14,10,5.352459455
M,14,10,3.358771152
F,3,9,3.272940467
F,3,9,0.55146552
F,3,9,2.327290544
M,3,9,3.402067701
F,4,9,3.791325447
F,4,9,3.352329869
F,4,9,0.324970753
F,4,9,2.425004831
M,4,9,3.98089172
M,4,9,4.5933366
M,4,9,1.831210191
F,5,9,2.547770701
F,5,9,3.244977239
F,5,9,2.274795268
F,5,9,1.192776545
F,5,9,5.352459455
F,5,9,1.597682296
F,5,9,2.31090313
M,5,9,2.060350613
M,5,9,2.557801294
M,5,9,2.987536
M,5,9,7.145190266
F,6,9,2.44977952
F,6,9,3.54330383
F,6,9,2.048972321
F,6,9,5.725940145
F,6,9,4.33663098
F,6,9,1.145065483
F,6,9,2.653927813
F,6,9,3.538570418
M,6,9,5.81822636
M,6,9,3.67466928
M,6,9,5.177824554
M,6,9,5.164400069
M,6,9,4.89955904
M,6,9,0.813810914
M,6,9,3.751255771
M,6,9,3.791325447
M,6,9,5.51200392
M,6,9,2.847868692
M,6,9,1.326963907
M,6,9,3.98089172
M,6,9,4.28711416
M,6,9,4.538783909
F,7,9,3.67466928
F,7,9,4.87456129
F,7,9,8.074831075
F,7,9,4.28711416
M,7,9,5.352459455
M,7,9,10.13317892
M,7,9,5.157430568
M,7,9,3.266372693
F,8,9,4.828504129
F,8,9,1.582466274
F,8,9,3.284235669
F,8,9,2.881090737
F,8,9,3.605954414
F,8,9,1.194267516
F,8,9,3.0622244
F,8,9,3.145395927
F,8,9,4.630151786
M,8,9,1.088170857
M,8,9,5.428488709
M,8,9,0.52581949
M,8,9,5.463969027
M,8,9,5.328752696
M,8,9,2.44977952
M,8,9,2.789529964
M,8,9,5.778713787
M,8,9,18.3733464
M,8,9,1.935995973
M,8,9,1.961745954
M,8,9,0.353857042
F,9,9,3.746721619
F,9,9,5.51200392
F,9,9,21.23142251
F,9,9,2.14355708
F,9,9,5.97133758
F,9,9,3.67466928
M,9,9,2.540994715
M,9,9,0.469721737
M,9,9,2.672486749
M,9,9,1.60035848
M,9,9,3.36844684
M,9,9,5.966676114
M,9,9,6.1244488
M,9,9,1.048465309
M,9,9,2.048646031
M,9,9,4.265241128
M,9,9,8.11789684
M,9,9,5.466201953
M,9,9,2.869741723
M,9,9,3.340608436
M,9,9,2.986983483
M,9,9,7.720517275
M,9,9,8.887572212
M,9,9,7.633134589
M,9,9,3.593470664
F,10,9,3.214852619
F,10,9,2.60289074
F,10,9,4.639149406
F,10,9,6.390039783
F,10,9,5.607929021
F,10,9,2.75600196
M,10,9,3.122268016
M,10,9,3.8277805
M,10,9,5.914467698
M,10,9,4.732114972
M,10,9,1.313283866
M,10,9,5.51200392
M,10,9,4.151395462
M,10,9,3.98089172
M,10,9,4.084602326
M,10,9,5.51200392
M,10,9,5.931945752
M,10,9,2.815561924
M,10,9,3.814027995
M,10,9,6.935854902
F,11,9,3.033060358
F,11,9,0.908064914
M,11,9,5.07524044
M,11,9,4.190412337
M,11,9,7.003530158
M,11,9,4.090457547
M,11,9,4.799656683
M,11,9,4.984768762
M,11,9,3.455113568
M,11,9,0.184621065
M,11,9,3.67466928
M,11,9,7.96178344
M,11,9,4.454144582
M,11,9,2.888628912
M,11,9,5.144536992
F,12,9,3.631690692
F,12,9,4.5933366
F,12,9,3.98089172
F,12,9,6.379634166
F,12,9,3.0622244
M,12,9,3.641984801
M,12,9,5.3588927
M,12,9,5.199532042
M,12,9,3.076143602
M,12,9,3.866333685
M,12,9,4.334225304
F,13,9,5.007410968
F,13,9,1.621177623
F,13,9,6.769127621
F,13,9,7.205233882
F,13,9,5.397819281
M,13,9,4.423213022
M,13,9,3.98089172
M,13,9,4.038585803
M,13,9,2.775139934
M,13,9,3.266372693
M,13,9,4.413461056
F,14,9,5.75261824
M,14,9,7.839294464
M,14,9,7.19622734
M,14,9,3.676112024
M,14,9,2.757327598
M,15,9,3.929191827
F,3,8,1.481262035
F,3,8,1.676164935
M,3,8,9.099181074
M,3,8,0.77675936
M,4,8,3.63967243
M,4,8,2.533294731
M,4,8,1.516530179
F,5,8,2.978508913
F,5,8,1.481262035
M,5,8,5.51200392
F,6,8,1.979839576
F,6,8,0.097991181
F,6,8,1.446167969
M,6,8,10.07023992
M,6,8,4.342790967
M,6,8,2.076986984
M,7,8,2.14355708
M,7,8,1.83733464
M,7,8,3.899649032
M,7,8,1.066905654
F,8,8,1.764622737
M,8,8,2.615292806
M,8,8,5.002167606
M,8,8,4.281967564
F,9,8,2.75600196
F,9,8,6.811117395
F,9,8,5.71249036
F,9,8,2.14355708
M,9,8,4.89955904
M,9,8,7.34933856
M,9,8,2.125409354
M,9,8,3.629302992
F,10,8,6.14809532
F,10,8,3.094458341
F,10,8,2.895193978
F,10,8,2.583021345
F,10,8,3.360248759
M,10,8,2.547770701
M,10,8,4.094631483
M,10,8,5.815912336
M,10,8,3.36844684
M,10,8,6.969585503
M,10,8,5.859321146
M,10,8,3.966242038
M,10,8,2.90911318
F,11,8,0.438681449
F,11,8,1.476470891
M,11,8,1.525002415
M,11,8,5.709151024
M,11,8,3.98089172
M,11,8,4.89955904
M,11,8,6.73689368
M,11,8,5.51200392
F,12,8,2.14355708
M,12,8,1.041156296
M,12,8,6.050955414
M,12,8,1.869998367
M,12,8,3.482146744
M,12,8,2.511024008
M,12,8,9.492895639
M,12,8,4.777070064
M,13,8,1.031705953
M,13,8,3.184713376
M,13,8,2.642338609
M,13,8,5.51200392
M,13,8,3.377726308
M,13,8,2.895193978
M,13,8,7.106385219
M,13,8,3.98089172
M,13,8,4.316925094
M,14,8,6.189372285
M,14,8,1.851577544
M,14,8,5.654321398
M,14,8,10.41156296
M,14,8,4.089957246
M,14,8,6.687898089
F,15,8,2.388535032
M,15,8,3.239377878
M,15,8,4.796120073
M,15,8,3.618992473
M,15,8,2.932216919
F,16,8,2.864023429
M,16,8,5.73799608
M,16,8,5.248806553
M,16,8,4.099136028
M,16,8,5.594766741
F,6,7,5.790387956
M,6,7,4.654069652
M,7,7,4.153973968
F,9,7,2.658963729
M,9,7,10.94745223
M,9,7,2.309436821
M,10,7,4.035539653
M,10,7,1.932471709
M,10,7,3.866333685
M,10,7,3.266372693
M,11,7,6.130999012
M,11,7,4.438624914
F,12,7,3.0622244
M,12,7,5.05267026
M,12,7,4.072523499
F,13,7,4.355163591
F,13,7,3.0622244
M,13,7,6.8900049
F,14,7,0.444792371
F,14,7,3.145089616
M,14,7,3.536114782
M,14,7,6.163961373
F,15,7,3.184713376
M,16,7,4.5933366
F,9,6,2.211606511
F,9,6,4.517323937
M,12,6,2.75600196
M,13,6,3.581203796
M,14,6,5.51200392
M,14,6,5.459508644
M,14,6,6.43067124
F,15,6,4.303666724
M,15,6,6.73689368
M,16,6,0.231447193
M,16,6,4.503635077
M,17,6,7.006369427
M,17,6,5.606889746
M,18,6,5.061614901
F,10,5,0.603165412
M,11,5,3.802642837
M,14,5,7.500446455
M,14,5,4.886293086
M,16,5,4.303666724
M,15,4,3.56497766
M,18,4,9.099181074
M,18,3,5.51682632
